﻿<?xml version="1.0" encoding="utf-8"?>
<Covid>
  <Average from="2020-01-27" to="2020-02-02">0</Average>
  <Average from="2020-01-28" to="2020-02-03">0</Average>
  <Average from="2020-01-29" to="2020-02-04">0</Average>
  <Average from="2020-01-30" to="2020-02-05">0</Average>
  <Average from="2020-01-31" to="2020-02-06">0</Average>
  <Average from="2020-02-01" to="2020-02-07">0</Average>
  <Average from="2020-02-02" to="2020-02-08">0</Average>
  <Average from="2020-02-03" to="2020-02-09">0</Average>
  <Average from="2020-02-04" to="2020-02-10">0</Average>
  <Average from="2020-02-05" to="2020-02-11">0</Average>
  <Average from="2020-02-06" to="2020-02-12">0</Average>
  <Average from="2020-02-07" to="2020-02-13">0</Average>
  <Average from="2020-02-08" to="2020-02-14">0</Average>
  <Average from="2020-02-09" to="2020-02-15">0</Average>
  <Average from="2020-02-10" to="2020-02-16">0</Average>
  <Average from="2020-02-11" to="2020-02-17">0</Average>
  <Average from="2020-02-12" to="2020-02-18">0</Average>
  <Average from="2020-02-13" to="2020-02-19">0</Average>
  <Average from="2020-02-14" to="2020-02-20">0</Average>
  <Average from="2020-02-15" to="2020-02-21">0</Average>
  <Average from="2020-02-16" to="2020-02-22">0</Average>
  <Average from="2020-02-17" to="2020-02-23">0</Average>
  <Average from="2020-02-18" to="2020-02-24">0</Average>
  <Average from="2020-02-19" to="2020-02-25">0</Average>
  <Average from="2020-02-20" to="2020-02-26">0</Average>
  <Average from="2020-02-21" to="2020-02-27">0</Average>
  <Average from="2020-02-22" to="2020-02-28">0</Average>
  <Average from="2020-02-23" to="2020-02-29">0</Average>
  <Average from="2020-02-24" to="2020-03-01">0,43</Average>
  <Average from="2020-02-25" to="2020-03-02">0,43</Average>
  <Average from="2020-02-26" to="2020-03-03">0,72</Average>
  <Average from="2020-02-27" to="2020-03-04">0,86</Average>
  <Average from="2020-02-28" to="2020-03-05">1,29</Average>
  <Average from="2020-02-29" to="2020-03-06">2,86</Average>
  <Average from="2020-03-01" to="2020-03-07">3,86</Average>
  <Average from="2020-03-02" to="2020-03-08">4,29</Average>
  <Average from="2020-03-03" to="2020-03-09">5,15</Average>
  <Average from="2020-03-04" to="2020-03-10">8,43</Average>
  <Average from="2020-03-05" to="2020-03-11">12,72</Average>
  <Average from="2020-03-06" to="2020-03-12">15,43</Average>
  <Average from="2020-03-07" to="2020-03-13">17,43</Average>
  <Average from="2020-03-08" to="2020-03-14">23,29</Average>
  <Average from="2020-03-09" to="2020-03-15">38</Average>
  <Average from="2020-03-10" to="2020-03-16">49,28</Average>
  <Average from="2020-03-11" to="2020-03-17">55,28</Average>
  <Average from="2020-03-12" to="2020-03-18">66,56</Average>
  <Average from="2020-03-13" to="2020-03-19">92,85</Average>
  <Average from="2020-03-14" to="2020-03-20">106,99</Average>
  <Average from="2020-03-15" to="2020-03-21">122,84</Average>
  <Average from="2020-03-16" to="2020-03-22">123,7</Average>
  <Average from="2020-03-17" to="2020-03-23">129,56</Average>
  <Average from="2020-03-18" to="2020-03-24">146,42</Average>
  <Average from="2020-03-19" to="2020-03-25">172,42</Average>
  <Average from="2020-03-20" to="2020-03-26">179,99</Average>
  <Average from="2020-03-21" to="2020-03-27">216,14</Average>
  <Average from="2020-03-22" to="2020-03-28">231</Average>
  <Average from="2020-03-23" to="2020-03-29">237,28</Average>
  <Average from="2020-03-24" to="2020-03-30">245,57</Average>
  <Average from="2020-03-25" to="2020-03-31">262,57</Average>
  <Average from="2020-03-26" to="2020-04-01">261,29</Average>
  <Average from="2020-03-27" to="2020-04-02">262,58</Average>
  <Average from="2020-03-28" to="2020-04-03">256,29</Average>
  <Average from="2020-03-29" to="2020-04-04">259,15</Average>
  <Average from="2020-03-30" to="2020-04-05">253,15</Average>
  <Average from="2020-03-31" to="2020-04-06">260,57</Average>
  <Average from="2020-04-01" to="2020-04-07">245,14</Average>
  <Average from="2020-04-02" to="2020-04-08">246,71</Average>
  <Average from="2020-04-03" to="2020-04-09">245,13</Average>
  <Average from="2020-04-04" to="2020-04-10">220,85</Average>
  <Average from="2020-04-05" to="2020-04-11">204,71</Average>
  <Average from="2020-04-06" to="2020-04-12">200,71</Average>
  <Average from="2020-04-07" to="2020-04-13">176,71</Average>
  <Average from="2020-04-08" to="2020-04-14">160,42</Average>
  <Average from="2020-04-09" to="2020-04-15">141,28</Average>
  <Average from="2020-04-10" to="2020-04-16">123,43</Average>
  <Average from="2020-04-11" to="2020-04-17">116,71</Average>
  <Average from="2020-04-12" to="2020-04-18">107,42</Average>
  <Average from="2020-04-13" to="2020-04-19">107,85</Average>
  <Average from="2020-04-14" to="2020-04-20">120,14</Average>
  <Average from="2020-04-15" to="2020-04-21">127,43</Average>
  <Average from="2020-04-16" to="2020-04-22">118,71</Average>
  <Average from="2020-04-17" to="2020-04-23">107,71</Average>
  <Average from="2020-04-18" to="2020-04-24">103,43</Average>
  <Average from="2020-04-19" to="2020-04-25">99,72</Average>
  <Average from="2020-04-20" to="2020-04-26">94,01</Average>
  <Average from="2020-04-21" to="2020-04-27">77,87</Average>
  <Average from="2020-04-22" to="2020-04-28">67,44</Average>
  <Average from="2020-04-23" to="2020-04-29">64,01</Average>
  <Average from="2020-04-24" to="2020-04-30">71,01</Average>
  <Average from="2020-04-25" to="2020-05-01">66,58</Average>
  <Average from="2020-04-26" to="2020-05-02">57,86</Average>
  <Average from="2020-04-27" to="2020-05-03">54,14</Average>
  <Average from="2020-04-28" to="2020-05-04">53,71</Average>
  <Average from="2020-04-29" to="2020-05-05">56,14</Average>
  <Average from="2020-04-30" to="2020-05-06">56,72</Average>
  <Average from="2020-05-01" to="2020-05-07">50,15</Average>
  <Average from="2020-05-02" to="2020-05-08">48,86</Average>
  <Average from="2020-05-03" to="2020-05-09">48,86</Average>
  <Average from="2020-05-04" to="2020-05-10">49,15</Average>
  <Average from="2020-05-05" to="2020-05-11">51,72</Average>
  <Average from="2020-05-06" to="2020-05-12">47,15</Average>
  <Average from="2020-05-07" to="2020-05-13">43</Average>
  <Average from="2020-05-08" to="2020-05-14">46,42</Average>
  <Average from="2020-05-09" to="2020-05-15">47,71</Average>
  <Average from="2020-05-10" to="2020-05-16">52,43</Average>
  <Average from="2020-05-11" to="2020-05-17">51,29</Average>
  <Average from="2020-05-12" to="2020-05-18">59,43</Average>
  <Average from="2020-05-13" to="2020-05-19">61,86</Average>
  <Average from="2020-05-14" to="2020-05-20">65,29</Average>
  <Average from="2020-05-15" to="2020-05-21">58,58</Average>
  <Average from="2020-05-16" to="2020-05-22">59,15</Average>
  <Average from="2020-05-17" to="2020-05-23">62,86</Average>
  <Average from="2020-05-18" to="2020-05-24">69,29</Average>
  <Average from="2020-05-19" to="2020-05-25">59,86</Average>
  <Average from="2020-05-20" to="2020-05-26">58,29</Average>
  <Average from="2020-05-21" to="2020-05-27">53,01</Average>
  <Average from="2020-05-22" to="2020-05-28">55,72</Average>
  <Average from="2020-05-23" to="2020-05-29">55,43</Average>
  <Average from="2020-05-24" to="2020-05-30">49,29</Average>
  <Average from="2020-05-25" to="2020-05-31">45,43</Average>
  <Average from="2020-05-26" to="2020-06-01">43,58</Average>
  <Average from="2020-05-27" to="2020-06-02">45,29</Average>
  <Average from="2020-05-28" to="2020-06-03">50,57</Average>
  <Average from="2020-05-29" to="2020-06-04">51,57</Average>
  <Average from="2020-05-30" to="2020-06-05">48,43</Average>
  <Average from="2020-05-31" to="2020-06-06">49</Average>
  <Average from="2020-06-01" to="2020-06-07">52,28</Average>
  <Average from="2020-06-02" to="2020-06-08">57,28</Average>
  <Average from="2020-06-03" to="2020-06-09">56,14</Average>
  <Average from="2020-06-04" to="2020-06-10">56</Average>
  <Average from="2020-06-05" to="2020-06-11">56,43</Average>
  <Average from="2020-06-06" to="2020-06-12">58,86</Average>
  <Average from="2020-06-07" to="2020-06-13">61</Average>
  <Average from="2020-06-08" to="2020-06-14">57</Average>
  <Average from="2020-06-09" to="2020-06-15">52,85</Average>
  <Average from="2020-06-10" to="2020-06-16">51,7</Average>
  <Average from="2020-06-11" to="2020-06-17">48,56</Average>
  <Average from="2020-06-12" to="2020-06-18">56,28</Average>
  <Average from="2020-06-13" to="2020-06-19">66,85</Average>
  <Average from="2020-06-14" to="2020-06-20">65,28</Average>
  <Average from="2020-06-15" to="2020-06-21">67,71</Average>
  <Average from="2020-06-16" to="2020-06-22">71,14</Average>
  <Average from="2020-06-17" to="2020-06-23">77,14</Average>
  <Average from="2020-06-18" to="2020-06-24">87,99</Average>
  <Average from="2020-06-19" to="2020-06-25">84,42</Average>
  <Average from="2020-06-20" to="2020-06-26">90,42</Average>
  <Average from="2020-06-21" to="2020-06-27">121,56</Average>
  <Average from="2020-06-22" to="2020-06-28">157,99</Average>
  <Average from="2020-06-23" to="2020-06-29">177,56</Average>
  <Average from="2020-06-24" to="2020-06-30">186,14</Average>
  <Average from="2020-06-25" to="2020-07-01">181</Average>
  <Average from="2020-06-26" to="2020-07-02">186,57</Average>
  <Average from="2020-06-27" to="2020-07-03">182,57</Average>
  <Average from="2020-06-28" to="2020-07-04">162,72</Average>
  <Average from="2020-06-29" to="2020-07-05">129,86</Average>
  <Average from="2020-06-30" to="2020-07-06">108,44</Average>
  <Average from="2020-07-01" to="2020-07-07">104,01</Average>
  <Average from="2020-07-02" to="2020-07-08">109,44</Average>
  <Average from="2020-07-03" to="2020-07-09">105,58</Average>
  <Average from="2020-07-04" to="2020-07-10">105,72</Average>
  <Average from="2020-07-05" to="2020-07-11">96</Average>
  <Average from="2020-07-06" to="2020-07-12">93,72</Average>
  <Average from="2020-07-07" to="2020-07-13">95,57</Average>
  <Average from="2020-07-08" to="2020-07-14">93,57</Average>
  <Average from="2020-07-09" to="2020-07-15">94,28</Average>
  <Average from="2020-07-10" to="2020-07-16">98,85</Average>
  <Average from="2020-07-11" to="2020-07-17">97</Average>
  <Average from="2020-07-12" to="2020-07-18">105,43</Average>
  <Average from="2020-07-13" to="2020-07-19">110</Average>
  <Average from="2020-07-14" to="2020-07-20">124,86</Average>
  <Average from="2020-07-15" to="2020-07-21">139,57</Average>
  <Average from="2020-07-16" to="2020-07-22">155,43</Average>
  <Average from="2020-07-17" to="2020-07-23">168,86</Average>
  <Average from="2020-07-18" to="2020-07-24">190,28</Average>
  <Average from="2020-07-19" to="2020-07-25">193,14</Average>
  <Average from="2020-07-20" to="2020-07-26">196,43</Average>
  <Average from="2020-07-21" to="2020-07-27">200,14</Average>
  <Average from="2020-07-22" to="2020-07-28">210</Average>
  <Average from="2020-07-23" to="2020-07-29">214,14</Average>
  <Average from="2020-07-24" to="2020-07-30">217,43</Average>
  <Average from="2020-07-25" to="2020-07-31">210,72</Average>
  <Average from="2020-07-26" to="2020-08-01">209,57</Average>
  <Average from="2020-07-27" to="2020-08-02">207,71</Average>
  <Average from="2020-07-28" to="2020-08-03">209,71</Average>
  <Average from="2020-07-29" to="2020-08-04">211,28</Average>
  <Average from="2020-07-30" to="2020-08-05">206,57</Average>
  <Average from="2020-07-31" to="2020-08-06">200,85</Average>
  <Average from="2020-08-01" to="2020-08-07">213,85</Average>
  <Average from="2020-08-02" to="2020-08-08">220,85</Average>
  <Average from="2020-08-03" to="2020-08-09">223,85</Average>
  <Average from="2020-08-04" to="2020-08-10">214,28</Average>
  <Average from="2020-08-05" to="2020-08-11">214,42</Average>
  <Average from="2020-08-06" to="2020-08-12">221,28</Average>
  <Average from="2020-08-07" to="2020-08-13">237,85</Average>
  <Average from="2020-08-08" to="2020-08-14">233,42</Average>
  <Average from="2020-08-09" to="2020-08-15">236,85</Average>
  <Average from="2020-08-10" to="2020-08-16">236,71</Average>
  <Average from="2020-08-11" to="2020-08-17">243,86</Average>
  <Average from="2020-08-12" to="2020-08-18">242,86</Average>
  <Average from="2020-08-13" to="2020-08-19">246,14</Average>
  <Average from="2020-08-14" to="2020-08-20">234,14</Average>
  <Average from="2020-08-15" to="2020-08-21">264,57</Average>
  <Average from="2020-08-16" to="2020-08-22">269,86</Average>
  <Average from="2020-08-17" to="2020-08-23">272</Average>
  <Average from="2020-08-18" to="2020-08-24">281,71</Average>
  <Average from="2020-08-19" to="2020-08-25">293,57</Average>
  <Average from="2020-08-20" to="2020-08-26">305,57</Average>
  <Average from="2020-08-21" to="2020-08-27">320,43</Average>
  <Average from="2020-08-22" to="2020-08-28">317,72</Average>
  <Average from="2020-08-23" to="2020-08-29">330</Average>
  <Average from="2020-08-24" to="2020-08-30">349,71</Average>
  <Average from="2020-08-25" to="2020-08-31">349,28</Average>
  <Average from="2020-08-26" to="2020-09-01">368,57</Average>
  <Average from="2020-08-27" to="2020-09-02">404,14</Average>
  <Average from="2020-08-28" to="2020-09-03">450,57</Average>
  <Average from="2020-08-29" to="2020-09-04">495,14</Average>
  <Average from="2020-08-30" to="2020-09-05">521,43</Average>
  <Average from="2020-08-31" to="2020-09-06">540,86</Average>
  <Average from="2020-09-01" to="2020-09-07">584,43</Average>
  <Average from="2020-09-02" to="2020-09-08">679</Average>
  <Average from="2020-09-03" to="2020-09-09">752,29</Average>
  <Average from="2020-09-04" to="2020-09-10">853,29</Average>
  <Average from="2020-09-05" to="2020-09-11">945,57</Average>
  <Average from="2020-09-06" to="2020-09-12">1093,14</Average>
  <Average from="2020-09-07" to="2020-09-13">1147,57</Average>
  <Average from="2020-09-08" to="2020-09-14">1214,29</Average>
  <Average from="2020-09-09" to="2020-09-15">1287,86</Average>
  <Average from="2020-09-10" to="2020-09-16">1427,14</Average>
  <Average from="2020-09-11" to="2020-09-17">1676</Average>
  <Average from="2020-09-12" to="2020-09-18">1771</Average>
  <Average from="2020-09-13" to="2020-09-19">1843,57</Average>
  <Average from="2020-09-14" to="2020-09-20">1871,14</Average>
  <Average from="2020-09-15" to="2020-09-21">1935,14</Average>
  <Average from="2020-09-16" to="2020-09-22">2036,71</Average>
  <Average from="2020-09-17" to="2020-09-23">2061,43</Average>
  <Average from="2020-09-18" to="2020-09-24">2030,28</Average>
  <Average from="2020-09-19" to="2020-09-25">2150</Average>
  <Average from="2020-09-20" to="2020-09-26">2140,86</Average>
  <Average from="2020-09-21" to="2020-09-27">2186,58</Average>
  <Average from="2020-09-22" to="2020-09-28">2159,15</Average>
  <Average from="2020-09-23" to="2020-09-29">2098,58</Average>
  <Average from="2020-09-24" to="2020-09-30">2187,15</Average>
  <Average from="2020-09-25" to="2020-10-01">2272,3</Average>
  <Average from="2020-09-26" to="2020-10-02">2393,58</Average>
  <Average from="2020-09-27" to="2020-10-03">2475,44</Average>
  <Average from="2020-09-28" to="2020-10-04">2552,15</Average>
  <Average from="2020-09-29" to="2020-10-05">2814,15</Average>
  <Average from="2020-09-30" to="2020-10-06">3170,58</Average>
  <Average from="2020-10-01" to="2020-10-07">3514,87</Average>
  <Average from="2020-10-02" to="2020-10-08">3785,15</Average>
  <Average from="2020-10-03" to="2020-10-09">4474,15</Average>
  <Average from="2020-10-04" to="2020-10-10">4771,58</Average>
  <Average from="2020-10-05" to="2020-10-11">4952,01</Average>
  <Average from="2020-10-06" to="2020-10-12">5122,01</Average>
  <Average from="2020-10-07" to="2020-10-13">5674,29</Average>
  <Average from="2020-10-08" to="2020-10-14">6275,57</Average>
  <Average from="2020-10-09" to="2020-10-15">6894,14</Average>
  <Average from="2020-10-10" to="2020-10-16">7249,29</Average>
  <Average from="2020-10-11" to="2020-10-17">7831,71</Average>
  <Average from="2020-10-12" to="2020-10-18">8110,99</Average>
  <Average from="2020-10-13" to="2020-10-19">8649,42</Average>
  <Average from="2020-10-14" to="2020-10-20">9172,42</Average>
  <Average from="2020-10-15" to="2020-10-21">9947,56</Average>
  <Average from="2020-10-16" to="2020-10-22">10580,56</Average>
  <Average from="2020-10-17" to="2020-10-23">11172,56</Average>
  <Average from="2020-10-18" to="2020-10-24">11709,71</Average>
  <Average from="2020-10-19" to="2020-10-25">12029,86</Average>
  <Average from="2020-10-20" to="2020-10-26">12343,43</Average>
  <Average from="2020-10-21" to="2020-10-27">12869,29</Average>
  <Average from="2020-10-22" to="2020-10-28">12584,44</Average>
  <Average from="2020-10-23" to="2020-10-29">12426,73</Average>
  <Average from="2020-10-24" to="2020-10-30">12191,73</Average>
  <Average from="2020-10-25" to="2020-10-31">12042,3</Average>
  <Average from="2020-10-26" to="2020-11-01">11935,3</Average>
  <Average from="2020-10-27" to="2020-11-02">11787,73</Average>
  <Average from="2020-10-28" to="2020-11-03">11276,87</Average>
  <Average from="2020-10-29" to="2020-11-04">11669,44</Average>
  <Average from="2020-10-30" to="2020-11-05">11695,58</Average>
  <Average from="2020-10-31" to="2020-11-06">11401,72</Average>
  <Average from="2020-11-01" to="2020-11-07">10872,29</Average>
  <Average from="2020-11-02" to="2020-11-08">10452</Average>
  <Average from="2020-11-03" to="2020-11-09">9996,14</Average>
  <Average from="2020-11-04" to="2020-11-10">9562,71</Average>
  <Average from="2020-11-05" to="2020-11-11">8590,71</Average>
  <Average from="2020-11-06" to="2020-11-12">7825</Average>
  <Average from="2020-11-07" to="2020-11-13">7226,71</Average>
  <Average from="2020-11-08" to="2020-11-14">6723,14</Average>
  <Average from="2020-11-09" to="2020-11-15">6477,71</Average>
  <Average from="2020-11-10" to="2020-11-16">6387,14</Average>
  <Average from="2020-11-11" to="2020-11-17">5700</Average>
  <Average from="2020-11-12" to="2020-11-18">5213,28</Average>
  <Average from="2020-11-13" to="2020-11-19">5012,71</Average>
  <Average from="2020-11-14" to="2020-11-20">4791,28</Average>
  <Average from="2020-11-15" to="2020-11-21">4647,71</Average>
  <Average from="2020-11-16" to="2020-11-22">4593,14</Average>
  <Average from="2020-11-17" to="2020-11-23">4445,28</Average>
  <Average from="2020-11-18" to="2020-11-24">4676</Average>
  <Average from="2020-11-19" to="2020-11-25">4592,43</Average>
  <Average from="2020-11-20" to="2020-11-26">4246,57</Average>
  <Average from="2020-11-21" to="2020-11-27">4054,29</Average>
  <Average from="2020-11-22" to="2020-11-28">3979,43</Average>
  <Average from="2020-11-23" to="2020-11-29">3917,29</Average>
  <Average from="2020-11-24" to="2020-11-30">3802,01</Average>
  <Average from="2020-11-25" to="2020-12-01">3704,72</Average>
  <Average from="2020-11-26" to="2020-12-02">3652,15</Average>
  <Average from="2020-11-27" to="2020-12-03">3734,29</Average>
  <Average from="2020-11-28" to="2020-12-04">3775</Average>
  <Average from="2020-11-29" to="2020-12-05">3867,14</Average>
  <Average from="2020-11-30" to="2020-12-06">3872,57</Average>
  <Average from="2020-12-01" to="2020-12-07">3969,57</Average>
  <Average from="2020-12-02" to="2020-12-08">4066</Average>
  <Average from="2020-12-03" to="2020-12-09">4330,72</Average>
  <Average from="2020-12-04" to="2020-12-10">4509,01</Average>
  <Average from="2020-12-05" to="2020-12-11">4717,87</Average>
  <Average from="2020-12-06" to="2020-12-12">4766,87</Average>
  <Average from="2020-12-07" to="2020-12-13">4893,44</Average>
  <Average from="2020-12-08" to="2020-12-14">5025,58</Average>
  <Average from="2020-12-09" to="2020-12-15">5318,86</Average>
  <Average from="2020-12-10" to="2020-12-16">5582</Average>
  <Average from="2020-12-11" to="2020-12-17">5830,85</Average>
  <Average from="2020-12-12" to="2020-12-18">6206,14</Average>
  <Average from="2020-12-13" to="2020-12-19">6444,86</Average>
  <Average from="2020-12-14" to="2020-12-20">6645,29</Average>
  <Average from="2020-12-15" to="2020-12-21">7041,57</Average>
  <Average from="2020-12-16" to="2020-12-22">7470,43</Average>
  <Average from="2020-12-17" to="2020-12-23">8310,57</Average>
  <Average from="2020-12-18" to="2020-12-24">7847,57</Average>
  <Average from="2020-12-19" to="2020-12-25">6966,85</Average>
  <Average from="2020-12-20" to="2020-12-26">6638,99</Average>
  <Average from="2020-12-21" to="2020-12-27">6693,13</Average>
  <Average from="2020-12-22" to="2020-12-28">7119,56</Average>
  <Average from="2020-12-23" to="2020-12-29">7913,56</Average>
  <Average from="2020-12-24" to="2020-12-30">8330,99</Average>
  <Average from="2020-12-25" to="2020-12-31">9607,14</Average>
  <Average from="2020-12-26" to="2021-01-01">9717,86</Average>
  <Average from="2020-12-27" to="2021-01-02">9996,86</Average>
  <Average from="2020-12-28" to="2021-01-03">10352,15</Average>
  <Average from="2020-12-29" to="2021-01-04">10640,3</Average>
  <Average from="2020-12-30" to="2021-01-05">10773,02</Average>
  <Average from="2020-12-31" to="2021-01-06">10874,16</Average>
  <Average from="2021-01-01" to="2021-01-07">11099,01</Average>
  <Average from="2021-01-02" to="2021-01-08">12478,01</Average>
  <Average from="2021-01-03" to="2021-01-09">12971,15</Average>
  <Average from="2021-01-04" to="2021-01-10">12691,72</Average>
  <Average from="2021-01-05" to="2021-01-11">12181,86</Average>
  <Average from="2021-01-06" to="2021-01-12">11240,14</Average>
  <Average from="2021-01-07" to="2021-01-13">10261,14</Average>
  <Average from="2021-01-08" to="2021-01-14">9290,57</Average>
  <Average from="2021-01-09" to="2021-01-15">8747,71</Average>
  <Average from="2021-01-10" to="2021-01-16">8291,14</Average>
  <Average from="2021-01-11" to="2021-01-17">8052,57</Average>
  <Average from="2021-01-12" to="2021-01-18">7807,43</Average>
  <Average from="2021-01-13" to="2021-01-19">7636,43</Average>
  <Average from="2021-01-14" to="2021-01-20">7250,86</Average>
  <Average from="2021-01-15" to="2021-01-21">7171,58</Average>
  <Average from="2021-01-16" to="2021-01-22">7052,29</Average>
  <Average from="2021-01-17" to="2021-01-23">6909,29</Average>
  <Average from="2021-01-18" to="2021-01-24">6874</Average>
  <Average from="2021-01-19" to="2021-01-25">6774,85</Average>
  <Average from="2021-01-20" to="2021-01-26">6715,71</Average>
  <Average from="2021-01-21" to="2021-01-27">6756,71</Average>
  <Average from="2021-01-22" to="2021-01-28">6824,99</Average>
  <Average from="2021-01-23" to="2021-01-29">6766,14</Average>
  <Average from="2021-01-24" to="2021-01-30">6739,86</Average>
  <Average from="2021-01-25" to="2021-01-31">6765,43</Average>
  <Average from="2021-01-26" to="2021-02-01">6800</Average>
  <Average from="2021-01-27" to="2021-02-02">6793,43</Average>
  <Average from="2021-01-28" to="2021-02-03">6959,72</Average>
  <Average from="2021-01-29" to="2021-02-04">6973,58</Average>
  <Average from="2021-01-30" to="2021-02-05">7054,86</Average>
  <Average from="2021-01-31" to="2021-02-06">7164,14</Average>
  <Average from="2021-02-01" to="2021-02-07">7146,71</Average>
  <Average from="2021-02-02" to="2021-02-08">7227,29</Average>
  <Average from="2021-02-03" to="2021-02-09">7389,14</Average>
  <Average from="2021-02-04" to="2021-02-10">7370,57</Average>
  <Average from="2021-02-05" to="2021-02-11">7500,57</Average>
  <Average from="2021-02-06" to="2021-02-12">7530</Average>
  <Average from="2021-02-07" to="2021-02-13">7575,86</Average>
  <Average from="2021-02-08" to="2021-02-14">7637,01</Average>
  <Average from="2021-02-09" to="2021-02-15">7797,72</Average>
  <Average from="2021-02-10" to="2021-02-16">8130,01</Average>
  <Average from="2021-02-11" to="2021-02-17">8330,15</Average>
  <Average from="2021-02-12" to="2021-02-18">8713,72</Average>
  <Average from="2021-02-13" to="2021-02-19">9065,01</Average>
  <Average from="2021-02-14" to="2021-02-20">9298,44</Average>
  <Average from="2021-02-15" to="2021-02-21">9467,72</Average>
  <Average from="2021-02-16" to="2021-02-22">9824,72</Average>
  <Average from="2021-02-17" to="2021-02-23">10286,29</Average>
  <Average from="2021-02-18" to="2021-02-24">10694,43</Average>
  <Average from="2021-02-19" to="2021-02-25">11106,29</Average>
  <Average from="2021-02-20" to="2021-02-26">11604,14</Average>
  <Average from="2021-02-21" to="2021-02-27">11753,57</Average>
  <Average from="2021-02-22" to="2021-02-28">11828</Average>
  <Average from="2021-02-23" to="2021-03-01">11959,29</Average>
  <Average from="2021-02-24" to="2021-03-02">12092,58</Average>
  <Average from="2021-02-25" to="2021-03-03">12298,58</Average>
  <Average from="2021-02-26" to="2021-03-04">12306,01</Average>
  <Average from="2021-02-27" to="2021-03-05">12075,73</Average>
  <Average from="2021-02-28" to="2021-03-06">12261,01</Average>
  <Average from="2021-03-01" to="2021-03-07">12173,58</Average>
  <Average from="2021-03-02" to="2021-03-08">11926,72</Average>
  <Average from="2021-03-03" to="2021-03-09">11701,72</Average>
</Covid>