<?xml version="1.0" encoding="UTF-8" standalone="yes"?><studentiPredmetu><studentPredmetu><osCislo>R21621</osCislo><jmeno>Vojtěch</jmeno><prijmeni>BARNET</prijmeni><stav>S</stav><userName>barnvo00</userName><stprIdno>2476</stprIdno><nazevSp>Informační technologie</nazevSp><fakultaSp>PRF</fakultaSp><kodSp>B0613A140018</kodSp><formaSp>P</formaSp><typSp>B</typSp><typSpKey>7</typSpKey><mistoVyuky>O</mistoVyuky><rocnik>2</rocnik><financovani>1</financovani><oborKomb>IT</oborKomb><oborIdnos>6428</oborIdnos><email>vojtech.barnet01@upol.cz</email><cisloKarty>72188FFA</cisloKarty><pohlavi>M</pohlavi><statutPredmetu>B</statutPredmetu><casPrihlaseni>11.2.2023 7:03</casPrihlaseni></studentPredmetu><studentPredmetu><osCislo>R21379</osCislo><jmeno>David</jmeno><prijmeni>CINKL</prijmeni><stav>S</stav><userName>cinkda00</userName><stprIdno>2648</stprIdno><nazevSp>Informatika</nazevSp><fakultaSp>PRF</fakultaSp><kodSp>B0613A140019</kodSp><formaSp>P</formaSp><typSp>B</typSp><typSpKey>7</typSpKey><mistoVyuky>O</mistoVyuky><rocnik>2</rocnik><financovani>1</financovani><oborKomb>INF-PVS</oborKomb><oborIdnos>6721</oborIdnos><email>david.cinkl01@upol.cz</email><cisloKarty>2FED0814</cisloKarty><pohlavi>M</pohlavi><statutPredmetu>B</statutPredmetu><casPrihlaseni>19.1.2023 11:19</casPrihlaseni></studentPredmetu><studentPredmetu><osCislo>R21625</osCislo><jmeno>Tobiáš</jmeno><prijmeni>CVRČEK</prijmeni><stav>S</stav><userName>cvrcto00</userName><stprIdno>2476</stprIdno><nazevSp>Informační technologie</nazevSp><fakultaSp>PRF</fakultaSp><kodSp>B0613A140018</kodSp><formaSp>P</formaSp><typSp>B</typSp><typSpKey>7</typSpKey><mistoVyuky>O</mistoVyuky><rocnik>2</rocnik><financovani>1</financovani><oborKomb>IT</oborKomb><oborIdnos>6428</oborIdnos><email>tobias.cvrcek01@upol.cz</email><cisloKarty>721494CA</cisloKarty><pohlavi>M</pohlavi><statutPredmetu>B</statutPredmetu><casPrihlaseni>31.1.2023 18:11</casPrihlaseni></studentPredmetu><studentPredmetu><osCislo>R21381</osCislo><jmeno>Tomáš</jmeno><prijmeni>DAVIES</prijmeni><stav>S</stav><userName>davito01</userName><stprIdno>2648</stprIdno><nazevSp>Informatika</nazevSp><fakultaSp>PRF</fakultaSp><kodSp>B0613A140019</kodSp><formaSp>P</formaSp><typSp>B</typSp><typSpKey>7</typSpKey><mistoVyuky>O</mistoVyuky><rocnik>2</rocnik><financovani>1</financovani><oborKomb>INF-PVS</oborKomb><oborIdnos>6721</oborIdnos><email>tomas.davies01@upol.cz</email><cisloKarty>70CF841A</cisloKarty><pohlavi>M</pohlavi><statutPredmetu>B</statutPredmetu><casPrihlaseni>19.1.2023 11:00</casPrihlaseni></studentPredmetu><studentPredmetu><osCislo>R21382</osCislo><jmeno>Matěj</jmeno><prijmeni>DLUHOŠ</prijmeni><stav>S</stav><userName>dluhma00</userName><stprIdno>2648</stprIdno><nazevSp>Informatika</nazevSp><fakultaSp>PRF</fakultaSp><kodSp>B0613A140019</kodSp><formaSp>P</formaSp><typSp>B</typSp><typSpKey>7</typSpKey><mistoVyuky>O</mistoVyuky><rocnik>2</rocnik><financovani>1</financovani><oborKomb>INF-PVS</oborKomb><oborIdnos>6721</oborIdnos><email>matej.dluhos01@upol.cz</email><cisloKarty>70D2F30A</cisloKarty><pohlavi>M</pohlavi><statutPredmetu>B</statutPredmetu><casPrihlaseni>19.1.2023 11:01</casPrihlaseni></studentPredmetu><studentPredmetu><osCislo>R21383</osCislo><jmeno>Ondřej</jmeno><prijmeni>DRESLER</prijmeni><stav>S</stav><userName>dreson00</userName><stprIdno>2648</stprIdno><nazevSp>Informatika</nazevSp><fakultaSp>PRF</fakultaSp><kodSp>B0613A140019</kodSp><formaSp>P</formaSp><typSp>B</typSp><typSpKey>7</typSpKey><mistoVyuky>O</mistoVyuky><rocnik>2</rocnik><financovani>1</financovani><oborKomb>INF-PVS</oborKomb><oborIdnos>6721</oborIdnos><email>ondrej.dresler01@upol.cz</email><cisloKarty>70C6BF5A</cisloKarty><pohlavi>M</pohlavi><statutPredmetu>B</statutPredmetu><casPrihlaseni>19.1.2023 11:00</casPrihlaseni></studentPredmetu><studentPredmetu><osCislo>R21628</osCislo><jmeno>Bohumil</jmeno><prijmeni>FEDERMANN</prijmeni><stav>S</stav><userName>fedebo00</userName><stprIdno>2476</stprIdno><nazevSp>Informační technologie</nazevSp><fakultaSp>PRF</fakultaSp><kodSp>B0613A140018</kodSp><formaSp>P</formaSp><typSp>B</typSp><typSpKey>7</typSpKey><mistoVyuky>O</mistoVyuky><rocnik>2</rocnik><financovani>1</financovani><oborKomb>IT</oborKomb><oborIdnos>6428</oborIdnos><email>bohumil.federmann01@upol.cz</email><cisloKarty>70D8BABA</cisloKarty><pohlavi>M</pohlavi><statutPredmetu>B</statutPredmetu><casPrihlaseni>19.1.2023 11:00</casPrihlaseni></studentPredmetu><studentPredmetu><osCislo>R21386</osCislo><jmeno>Petr</jmeno><prijmeni>GAJDOŠÍK</prijmeni><stav>S</stav><userName>gajdpe05</userName><stprIdno>2648</stprIdno><nazevSp>Informatika</nazevSp><fakultaSp>PRF</fakultaSp><kodSp>B0613A140019</kodSp><formaSp>P</formaSp><typSp>B</typSp><typSpKey>7</typSpKey><mistoVyuky>O</mistoVyuky><rocnik>2</rocnik><financovani>1</financovani><oborKomb>INF-PVS</oborKomb><oborIdnos>6721</oborIdnos><email>petr.gajdosik01@upol.cz</email><cisloKarty>721AB21A</cisloKarty><pohlavi>M</pohlavi><statutPredmetu>B</statutPredmetu><casPrihlaseni>19.1.2023 11:01</casPrihlaseni></studentPredmetu><studentPredmetu><osCislo>R21629</osCislo><jmeno>Jakub</jmeno><prijmeni>GALETA</prijmeni><stav>S</stav><userName>galeja00</userName><stprIdno>2476</stprIdno><nazevSp>Informační technologie</nazevSp><fakultaSp>PRF</fakultaSp><kodSp>B0613A140018</kodSp><formaSp>P</formaSp><typSp>B</typSp><typSpKey>7</typSpKey><mistoVyuky>O</mistoVyuky><rocnik>2</rocnik><financovani>1</financovani><oborKomb>IT</oborKomb><oborIdnos>6428</oborIdnos><email>jakub.galeta01@upol.cz</email><cisloKarty>70CB44EA</cisloKarty><pohlavi>M</pohlavi><statutPredmetu>B</statutPredmetu><casPrihlaseni>19.1.2023 11:01</casPrihlaseni></studentPredmetu><studentPredmetu><osCislo>R21631</osCislo><jmeno>Lukáš</jmeno><prijmeni>HAVRÁNEK</prijmeni><stav>S</stav><userName>havrlu05</userName><stprIdno>2476</stprIdno><nazevSp>Informační technologie</nazevSp><fakultaSp>PRF</fakultaSp><kodSp>B0613A140018</kodSp><formaSp>P</formaSp><typSp>B</typSp><typSpKey>7</typSpKey><mistoVyuky>O</mistoVyuky><rocnik>2</rocnik><financovani>1</financovani><oborKomb>IT</oborKomb><oborIdnos>6428</oborIdnos><email>lukas.havranek01@upol.cz</email><cisloKarty>70CDCACA</cisloKarty><pohlavi>M</pohlavi><statutPredmetu>B</statutPredmetu><casPrihlaseni>19.1.2023 11:01</casPrihlaseni></studentPredmetu><studentPredmetu><osCislo>R21632</osCislo><jmeno>Damián</jmeno><prijmeni>HEDIA</prijmeni><stav>S</stav><userName>hedida00</userName><stprIdno>2476</stprIdno><nazevSp>Informační technologie</nazevSp><fakultaSp>PRF</fakultaSp><kodSp>B0613A140018</kodSp><formaSp>P</formaSp><typSp>B</typSp><typSpKey>7</typSpKey><mistoVyuky>O</mistoVyuky><rocnik>2</rocnik><financovani>1</financovani><oborKomb>IT</oborKomb><oborIdnos>6428</oborIdnos><email>damian.hedia01@upol.cz</email><cisloKarty>70CA9A7A</cisloKarty><pohlavi>M</pohlavi><statutPredmetu>B</statutPredmetu><casPrihlaseni>19.1.2023 11:00</casPrihlaseni></studentPredmetu><studentPredmetu><osCislo>R21633</osCislo><jmeno>Ondřej</jmeno><prijmeni>HEJTMÁNEK</prijmeni><stav>S</stav><userName>hejton00</userName><stprIdno>2476</stprIdno><nazevSp>Informační technologie</nazevSp><fakultaSp>PRF</fakultaSp><kodSp>B0613A140018</kodSp><formaSp>P</formaSp><typSp>B</typSp><typSpKey>7</typSpKey><mistoVyuky>O</mistoVyuky><rocnik>2</rocnik><financovani>1</financovani><oborKomb>IT</oborKomb><oborIdnos>6428</oborIdnos><email>ondrej.hejtmanek01@upol.cz</email><cisloKarty>72183A0A</cisloKarty><pohlavi>M</pohlavi><statutPredmetu>B</statutPredmetu><casPrihlaseni>19.1.2023 11:01</casPrihlaseni></studentPredmetu><studentPredmetu><osCislo>R21634</osCislo><jmeno>Luboš</jmeno><prijmeni>HOLEČEK</prijmeni><stav>S</stav><userName>holelu01</userName><stprIdno>2476</stprIdno><nazevSp>Informační technologie</nazevSp><fakultaSp>PRF</fakultaSp><kodSp>B0613A140018</kodSp><formaSp>P</formaSp><typSp>B</typSp><typSpKey>7</typSpKey><mistoVyuky>O</mistoVyuky><rocnik>2</rocnik><financovani>1</financovani><oborKomb>IT</oborKomb><oborIdnos>6428</oborIdnos><email>lubos.holecek01@upol.cz</email><cisloKarty>70D8DBCA</cisloKarty><pohlavi>M</pohlavi><statutPredmetu>B</statutPredmetu><casPrihlaseni>19.1.2023 11:00</casPrihlaseni></studentPredmetu><studentPredmetu><osCislo>R21391</osCislo><jmeno>Tomáš</jmeno><prijmeni>HÖPFLER</prijmeni><stav>S</stav><userName>hopfto00</userName><stprIdno>2648</stprIdno><nazevSp>Informatika</nazevSp><fakultaSp>PRF</fakultaSp><kodSp>B0613A140019</kodSp><formaSp>P</formaSp><typSp>B</typSp><typSpKey>7</typSpKey><mistoVyuky>O</mistoVyuky><rocnik>2</rocnik><financovani>1</financovani><oborKomb>INF-PVS</oborKomb><oborIdnos>6721</oborIdnos><email>tomas.hopfler01@upol.cz</email><cisloKarty>70D467DA</cisloKarty><pohlavi>M</pohlavi><statutPredmetu>B</statutPredmetu><casPrihlaseni>19.1.2023 11:01</casPrihlaseni></studentPredmetu><studentPredmetu><osCislo>R210140</osCislo><jmeno>Natálie</jmeno><prijmeni>HRŮŠOVÁ</prijmeni><stav>S</stav><userName>hrusna00</userName><stprIdno>2476</stprIdno><nazevSp>Informační technologie</nazevSp><fakultaSp>PRF</fakultaSp><kodSp>B0613A140018</kodSp><formaSp>P</formaSp><typSp>B</typSp><typSpKey>7</typSpKey><mistoVyuky>O</mistoVyuky><rocnik>2</rocnik><financovani>1</financovani><oborKomb>IT</oborKomb><oborIdnos>6428</oborIdnos><email>natalie.hrusova01@upol.cz</email><cisloKarty>2FECE784</cisloKarty><pohlavi>Ž</pohlavi><statutPredmetu>B</statutPredmetu><casPrihlaseni>19.1.2023 11:00</casPrihlaseni></studentPredmetu><studentPredmetu><osCislo>R21635</osCislo><jmeno>Ján</jmeno><prijmeni>HYBEN</prijmeni><stav>S</stav><userName>hybeja00</userName><stprIdno>2476</stprIdno><nazevSp>Informační technologie</nazevSp><fakultaSp>PRF</fakultaSp><kodSp>B0613A140018</kodSp><formaSp>P</formaSp><typSp>B</typSp><typSpKey>7</typSpKey><mistoVyuky>O</mistoVyuky><rocnik>2</rocnik><financovani>1</financovani><oborKomb>IT</oborKomb><oborIdnos>6428</oborIdnos><email>jan.hyben01@upol.cz</email><cisloKarty>AC128A59</cisloKarty><pohlavi>M</pohlavi><statutPredmetu>B</statutPredmetu><casPrihlaseni>19.1.2023 11:10</casPrihlaseni></studentPredmetu><studentPredmetu><osCislo>R21637</osCislo><jmeno>Vít</jmeno><prijmeni>JANKO</prijmeni><stav>S</stav><userName>jankvi00</userName><stprIdno>2476</stprIdno><nazevSp>Informační technologie</nazevSp><fakultaSp>PRF</fakultaSp><kodSp>B0613A140018</kodSp><formaSp>P</formaSp><typSp>B</typSp><typSpKey>7</typSpKey><mistoVyuky>O</mistoVyuky><rocnik>2</rocnik><financovani>1</financovani><oborKomb>IT</oborKomb><oborIdnos>6428</oborIdnos><email>vit.janko01@upol.cz</email><cisloKarty>70CAAECA</cisloKarty><pohlavi>M</pohlavi><statutPredmetu>B</statutPredmetu><casPrihlaseni>3.2.2023 12:11</casPrihlaseni></studentPredmetu><studentPredmetu><osCislo>R21393</osCislo><jmeno>Václav</jmeno><prijmeni>JAROLÍM</prijmeni><stav>S</stav><userName>jarova00</userName><stprIdno>2648</stprIdno><nazevSp>Informatika</nazevSp><fakultaSp>PRF</fakultaSp><kodSp>B0613A140019</kodSp><formaSp>P</formaSp><typSp>B</typSp><typSpKey>7</typSpKey><mistoVyuky>O</mistoVyuky><rocnik>2</rocnik><financovani>1</financovani><oborKomb>INF-PVS</oborKomb><oborIdnos>6721</oborIdnos><email>vaclav.jarolim01@upol.cz</email><cisloKarty>70CAA9EA</cisloKarty><pohlavi>M</pohlavi><statutPredmetu>B</statutPredmetu><casPrihlaseni>19.1.2023 11:00</casPrihlaseni></studentPredmetu><studentPredmetu><osCislo>R21394</osCislo><jmeno>Vojtěch</jmeno><prijmeni>JIŘÍČEK</prijmeni><stav>S</stav><userName>jirivo02</userName><stprIdno>2648</stprIdno><nazevSp>Informatika</nazevSp><fakultaSp>PRF</fakultaSp><kodSp>B0613A140019</kodSp><formaSp>P</formaSp><typSp>B</typSp><typSpKey>7</typSpKey><mistoVyuky>O</mistoVyuky><rocnik>2</rocnik><financovani>1</financovani><oborKomb>INF-PVS</oborKomb><oborIdnos>6721</oborIdnos><email>vojtech.jiricek02@upol.cz</email><cisloKarty>70CAACCA</cisloKarty><pohlavi>M</pohlavi><statutPredmetu>B</statutPredmetu><casPrihlaseni>19.1.2023 11:00</casPrihlaseni></studentPredmetu><studentPredmetu><osCislo>R21640</osCislo><jmeno>František</jmeno><prijmeni>JUREK</prijmeni><stav>S</stav><userName>jurefr00</userName><stprIdno>2476</stprIdno><nazevSp>Informační technologie</nazevSp><fakultaSp>PRF</fakultaSp><kodSp>B0613A140018</kodSp><formaSp>P</formaSp><typSp>B</typSp><typSpKey>7</typSpKey><mistoVyuky>O</mistoVyuky><rocnik>2</rocnik><financovani>1</financovani><oborKomb>IT</oborKomb><oborIdnos>6428</oborIdnos><email>frantisek.jurek01@upol.cz</email><cisloKarty>70D4ED2A</cisloKarty><pohlavi>M</pohlavi><statutPredmetu>B</statutPredmetu><casPrihlaseni>19.1.2023 11:00</casPrihlaseni></studentPredmetu><studentPredmetu><osCislo>R21395</osCislo><jmeno>Tomáš</jmeno><prijmeni>KARNÝ</prijmeni><stav>S</stav><userName>karnto01</userName><stprIdno>2648</stprIdno><nazevSp>Informatika</nazevSp><fakultaSp>PRF</fakultaSp><kodSp>B0613A140019</kodSp><formaSp>P</formaSp><typSp>B</typSp><typSpKey>7</typSpKey><mistoVyuky>O</mistoVyuky><rocnik>2</rocnik><financovani>1</financovani><oborKomb>INF-PVS</oborKomb><oborIdnos>6721</oborIdnos><email>tomas.karny01@upol.cz</email><cisloKarty>720E044A</cisloKarty><pohlavi>M</pohlavi><statutPredmetu>B</statutPredmetu><casPrihlaseni>19.1.2023 11:00</casPrihlaseni></studentPredmetu><studentPredmetu><osCislo>R21396</osCislo><jmeno>Jakub</jmeno><prijmeni>KAŠPAR</prijmeni><stav>S</stav><userName>kaspja09</userName><stprIdno>2648</stprIdno><nazevSp>Informatika</nazevSp><fakultaSp>PRF</fakultaSp><kodSp>B0613A140019</kodSp><formaSp>P</formaSp><typSp>B</typSp><typSpKey>7</typSpKey><mistoVyuky>O</mistoVyuky><rocnik>2</rocnik><financovani>1</financovani><oborKomb>INF-PVS</oborKomb><oborIdnos>6721</oborIdnos><email>jakub.kaspar01@upol.cz</email><cisloKarty>70D1275A</cisloKarty><pohlavi>M</pohlavi><statutPredmetu>B</statutPredmetu><casPrihlaseni>19.1.2023 11:00</casPrihlaseni></studentPredmetu><studentPredmetu><osCislo>R21397</osCislo><jmeno>Jan</jmeno><prijmeni>KNÁPEK</prijmeni><stav>S</stav><userName>knapja03</userName><stprIdno>2648</stprIdno><nazevSp>Informatika</nazevSp><fakultaSp>PRF</fakultaSp><kodSp>B0613A140019</kodSp><formaSp>P</formaSp><typSp>B</typSp><typSpKey>7</typSpKey><mistoVyuky>O</mistoVyuky><rocnik>2</rocnik><financovani>1</financovani><oborKomb>INF-PVS</oborKomb><oborIdnos>6721</oborIdnos><email>jan.knapek01@upol.cz</email><cisloKarty>70D9A36A</cisloKarty><pohlavi>M</pohlavi><statutPredmetu>B</statutPredmetu><casPrihlaseni>19.1.2023 11:00</casPrihlaseni></studentPredmetu><studentPredmetu><osCislo>R21400</osCislo><jmeno>Petr</jmeno><prijmeni>KUBIŠTA</prijmeni><stav>S</stav><userName>kubipe09</userName><stprIdno>2648</stprIdno><nazevSp>Informatika</nazevSp><fakultaSp>PRF</fakultaSp><kodSp>B0613A140019</kodSp><formaSp>P</formaSp><typSp>B</typSp><typSpKey>7</typSpKey><mistoVyuky>O</mistoVyuky><rocnik>2</rocnik><financovani>1</financovani><oborKomb>INF-PVS</oborKomb><oborIdnos>6721</oborIdnos><email>petr.kubista02@upol.cz</email><cisloKarty>70D0E65A</cisloKarty><pohlavi>M</pohlavi><statutPredmetu>B</statutPredmetu><casPrihlaseni>19.1.2023 11:00</casPrihlaseni></studentPredmetu><studentPredmetu><osCislo>R21403</osCislo><jmeno>Miroslav</jmeno><prijmeni>LOS</prijmeni><stav>S</stav><userName>losmi00</userName><stprIdno>2648</stprIdno><nazevSp>Informatika</nazevSp><fakultaSp>PRF</fakultaSp><kodSp>B0613A140019</kodSp><formaSp>P</formaSp><typSp>B</typSp><typSpKey>7</typSpKey><mistoVyuky>O</mistoVyuky><rocnik>2</rocnik><financovani>1</financovani><oborKomb>INF-PVS</oborKomb><oborIdnos>6721</oborIdnos><email>miroslav.los01@upol.cz</email><cisloKarty>72114A3A</cisloKarty><pohlavi>M</pohlavi><statutPredmetu>B</statutPredmetu><casPrihlaseni>19.1.2023 11:00</casPrihlaseni></studentPredmetu><studentPredmetu><osCislo>R210161</osCislo><jmeno>Mark</jmeno><prijmeni>MARCHENKO</prijmeni><stav>S</stav><userName>marcma04</userName><stprIdno>2648</stprIdno><nazevSp>Informatika</nazevSp><fakultaSp>PRF</fakultaSp><kodSp>B0613A140019</kodSp><formaSp>P</formaSp><typSp>B</typSp><typSpKey>7</typSpKey><mistoVyuky>O</mistoVyuky><rocnik>2</rocnik><financovani>1</financovani><oborKomb>INF-PVS</oborKomb><oborIdnos>6721</oborIdnos><email>mark.marchenko01@upol.cz</email><cisloKarty>2FEDF904</cisloKarty><pohlavi>M</pohlavi><statutPredmetu>B</statutPredmetu><casPrihlaseni>19.1.2023 11:00</casPrihlaseni></studentPredmetu><studentPredmetu><osCislo>R21408</osCislo><jmeno>Jakub</jmeno><prijmeni>MAZEL</prijmeni><stav>S</stav><userName>mazeja00</userName><stprIdno>2648</stprIdno><nazevSp>Informatika</nazevSp><fakultaSp>PRF</fakultaSp><kodSp>B0613A140019</kodSp><formaSp>P</formaSp><typSp>B</typSp><typSpKey>7</typSpKey><mistoVyuky>O</mistoVyuky><rocnik>2</rocnik><financovani>1</financovani><oborKomb>INF-OI</oborKomb><oborIdnos>6720</oborIdnos><email>jakub.mazel01@upol.cz</email><cisloKarty>712240EA</cisloKarty><pohlavi>M</pohlavi><statutPredmetu>B</statutPredmetu><casPrihlaseni>19.1.2023 11:07</casPrihlaseni></studentPredmetu><studentPredmetu><osCislo>R21409</osCislo><jmeno>Jiří</jmeno><prijmeni>MLČOUŠEK</prijmeni><stav>S</stav><userName>mlcoji00</userName><stprIdno>2648</stprIdno><nazevSp>Informatika</nazevSp><fakultaSp>PRF</fakultaSp><kodSp>B0613A140019</kodSp><formaSp>P</formaSp><typSp>B</typSp><typSpKey>7</typSpKey><mistoVyuky>O</mistoVyuky><rocnik>2</rocnik><financovani>1</financovani><oborKomb>INF-OI</oborKomb><oborIdnos>6720</oborIdnos><email>jiri.mlcousek01@upol.cz</email><cisloKarty>7215E93A</cisloKarty><pohlavi>M</pohlavi><statutPredmetu>B</statutPredmetu><casPrihlaseni>19.1.2023 11:05</casPrihlaseni></studentPredmetu><studentPredmetu><osCislo>R21410</osCislo><jmeno>Lukáš</jmeno><prijmeni>MODRÝ</prijmeni><stav>S</stav><userName>modrlu00</userName><stprIdno>2648</stprIdno><nazevSp>Informatika</nazevSp><fakultaSp>PRF</fakultaSp><kodSp>B0613A140019</kodSp><formaSp>P</formaSp><typSp>B</typSp><typSpKey>7</typSpKey><mistoVyuky>O</mistoVyuky><rocnik>2</rocnik><financovani>1</financovani><oborKomb>INF-PVS</oborKomb><oborIdnos>6721</oborIdnos><email>lukas.modry01@upol.cz</email><cisloKarty>2FEE3534</cisloKarty><pohlavi>M</pohlavi><statutPredmetu>B</statutPredmetu><casPrihlaseni>19.1.2023 11:38</casPrihlaseni></studentPredmetu><studentPredmetu><osCislo>R21648</osCislo><jmeno>Marek</jmeno><prijmeni>NASTOUPIL</prijmeni><stav>S</stav><userName>nastma02</userName><stprIdno>2476</stprIdno><nazevSp>Informační technologie</nazevSp><fakultaSp>PRF</fakultaSp><kodSp>B0613A140018</kodSp><formaSp>P</formaSp><typSp>B</typSp><typSpKey>7</typSpKey><mistoVyuky>O</mistoVyuky><rocnik>2</rocnik><financovani>1</financovani><oborKomb>IT</oborKomb><oborIdnos>6428</oborIdnos><email>marek.nastoupil01@upol.cz</email><cisloKarty>70D9D5AA</cisloKarty><pohlavi>M</pohlavi><statutPredmetu>B</statutPredmetu><casPrihlaseni>19.1.2023 11:00</casPrihlaseni></studentPredmetu><studentPredmetu><osCislo>R20180</osCislo><jmeno>Petr</jmeno><prijmeni>NĚMEC</prijmeni><stav>S</stav><userName>nemepe04</userName><stprIdno>2648</stprIdno><nazevSp>Informatika</nazevSp><fakultaSp>PRF</fakultaSp><kodSp>B0613A140019</kodSp><formaSp>P</formaSp><typSp>B</typSp><typSpKey>7</typSpKey><mistoVyuky>O</mistoVyuky><rocnik>3</rocnik><financovani>1</financovani><oborKomb>INF-PVS</oborKomb><oborIdnos>6721</oborIdnos><email>petr.nemec03@upol.cz</email><cisloKarty>AB29D4E9</cisloKarty><pohlavi>M</pohlavi><statutPredmetu>B</statutPredmetu><casPrihlaseni>22.1.2023 20:26</casPrihlaseni></studentPredmetu><studentPredmetu><osCislo>R21412</osCislo><jmeno>Vojtěch</jmeno><prijmeni>NETRH</prijmeni><stav>S</stav><userName>netrvo00</userName><stprIdno>2648</stprIdno><nazevSp>Informatika</nazevSp><fakultaSp>PRF</fakultaSp><kodSp>B0613A140019</kodSp><formaSp>P</formaSp><typSp>B</typSp><typSpKey>7</typSpKey><mistoVyuky>O</mistoVyuky><rocnik>2</rocnik><financovani>1</financovani><oborKomb>INF-PVS</oborKomb><oborIdnos>6721</oborIdnos><email>vojtech.netrh01@upol.cz</email><cisloKarty>70CB570A</cisloKarty><pohlavi>M</pohlavi><statutPredmetu>B</statutPredmetu><casPrihlaseni>19.1.2023 11:00</casPrihlaseni></studentPredmetu><studentPredmetu><osCislo>R20668</osCislo><jmeno>Jakub</jmeno><prijmeni>NEVRLÝ</prijmeni><stav>S</stav><userName>nevrja03</userName><stprIdno>2476</stprIdno><nazevSp>Informační technologie</nazevSp><fakultaSp>PRF</fakultaSp><kodSp>B0613A140018</kodSp><formaSp>P</formaSp><typSp>B</typSp><typSpKey>7</typSpKey><mistoVyuky>O</mistoVyuky><rocnik>3</rocnik><financovani>1</financovani><oborKomb>IT</oborKomb><oborIdnos>6428</oborIdnos><email>jakub.nevrly01@upol.cz</email><cisloKarty>AC0870C9</cisloKarty><pohlavi>M</pohlavi><statutPredmetu>B</statutPredmetu><casPrihlaseni>19.1.2023 9:00</casPrihlaseni></studentPredmetu><studentPredmetu><osCislo>R21650</osCislo><jmeno>Barbora</jmeno><prijmeni>OHNOUTKOVÁ</prijmeni><stav>S</stav><userName>ohnoba00</userName><stprIdno>2476</stprIdno><nazevSp>Informační technologie</nazevSp><fakultaSp>PRF</fakultaSp><kodSp>B0613A140018</kodSp><formaSp>P</formaSp><typSp>B</typSp><typSpKey>7</typSpKey><mistoVyuky>O</mistoVyuky><rocnik>2</rocnik><financovani>1</financovani><oborKomb>IT</oborKomb><oborIdnos>6428</oborIdnos><email>barbora.ohnoutkova01@upol.cz</email><cisloKarty>AC2390B9</cisloKarty><pohlavi>Ž</pohlavi><statutPredmetu>B</statutPredmetu><casPrihlaseni>19.1.2023 11:00</casPrihlaseni></studentPredmetu><studentPredmetu><osCislo>R21652</osCislo><jmeno>Thanh Tú</jmeno><prijmeni>PHAN</prijmeni><stav>S</stav><userName>phanth01</userName><stprIdno>2476</stprIdno><nazevSp>Informační technologie</nazevSp><fakultaSp>PRF</fakultaSp><kodSp>B0613A140018</kodSp><formaSp>P</formaSp><typSp>B</typSp><typSpKey>7</typSpKey><mistoVyuky>O</mistoVyuky><rocnik>2</rocnik><financovani>1</financovani><oborKomb>IT</oborKomb><oborIdnos>6428</oborIdnos><email>thanhtu.phan01@upol.cz</email><cisloKarty>70CF0F1A</cisloKarty><pohlavi>M</pohlavi><statutPredmetu>B</statutPredmetu><casPrihlaseni>19.1.2023 11:01</casPrihlaseni></studentPredmetu><studentPredmetu><osCislo>R21656</osCislo><jmeno>Petr</jmeno><prijmeni>POST</prijmeni><stav>S</stav><userName>postpe01</userName><stprIdno>2476</stprIdno><nazevSp>Informační technologie</nazevSp><fakultaSp>PRF</fakultaSp><kodSp>B0613A140018</kodSp><formaSp>P</formaSp><typSp>B</typSp><typSpKey>7</typSpKey><mistoVyuky>O</mistoVyuky><rocnik>2</rocnik><financovani>1</financovani><oborKomb>IT</oborKomb><oborIdnos>6428</oborIdnos><email>petr.post01@upol.cz</email><cisloKarty>70CC8F3A</cisloKarty><pohlavi>M</pohlavi><statutPredmetu>B</statutPredmetu><casPrihlaseni>19.1.2023 11:00</casPrihlaseni></studentPredmetu><studentPredmetu><osCislo>R21418</osCislo><jmeno>Tomáš</jmeno><prijmeni>PUDL</prijmeni><stav>S</stav><userName>pudlto00</userName><stprIdno>2648</stprIdno><nazevSp>Informatika</nazevSp><fakultaSp>PRF</fakultaSp><kodSp>B0613A140019</kodSp><formaSp>P</formaSp><typSp>B</typSp><typSpKey>7</typSpKey><mistoVyuky>O</mistoVyuky><rocnik>2</rocnik><financovani>1</financovani><oborKomb>INF-PVS</oborKomb><oborIdnos>6721</oborIdnos><email>tomas.pudl01@upol.cz</email><cisloKarty>70CAA28A</cisloKarty><pohlavi>M</pohlavi><statutPredmetu>B</statutPredmetu><casPrihlaseni>19.1.2023 12:04</casPrihlaseni></studentPredmetu><studentPredmetu><osCislo>R21420</osCislo><jmeno>Jan</jmeno><prijmeni>RÁDL</prijmeni><stav>S</stav><userName>radlja00</userName><stprIdno>2648</stprIdno><nazevSp>Informatika</nazevSp><fakultaSp>PRF</fakultaSp><kodSp>B0613A140019</kodSp><formaSp>P</formaSp><typSp>B</typSp><typSpKey>7</typSpKey><mistoVyuky>O</mistoVyuky><rocnik>2</rocnik><financovani>1</financovani><oborKomb>INF-PVS</oborKomb><oborIdnos>6721</oborIdnos><email>jan.radl01@upol.cz</email><cisloKarty>720F57AA</cisloKarty><pohlavi>M</pohlavi><statutPredmetu>B</statutPredmetu><casPrihlaseni>19.1.2023 11:00</casPrihlaseni></studentPredmetu><studentPredmetu><osCislo>R21423</osCislo><jmeno>Lukáš</jmeno><prijmeni>RYBENSKÝ</prijmeni><stav>S</stav><userName>rybelu01</userName><stprIdno>2648</stprIdno><nazevSp>Informatika</nazevSp><fakultaSp>PRF</fakultaSp><kodSp>B0613A140019</kodSp><formaSp>P</formaSp><typSp>B</typSp><typSpKey>7</typSpKey><mistoVyuky>O</mistoVyuky><rocnik>2</rocnik><financovani>1</financovani><oborKomb>INF-PVS</oborKomb><oborIdnos>6721</oborIdnos><email>lukas.rybensky01@upol.cz</email><cisloKarty>AB3A44A9</cisloKarty><pohlavi>M</pohlavi><statutPredmetu>B</statutPredmetu><casPrihlaseni>19.1.2023 11:00</casPrihlaseni></studentPredmetu><studentPredmetu><osCislo>R21658</osCislo><jmeno>Adam</jmeno><prijmeni>RYŠAVÝ</prijmeni><stav>S</stav><userName>rysaad00</userName><stprIdno>2476</stprIdno><nazevSp>Informační technologie</nazevSp><fakultaSp>PRF</fakultaSp><kodSp>B0613A140018</kodSp><formaSp>P</formaSp><typSp>B</typSp><typSpKey>7</typSpKey><mistoVyuky>O</mistoVyuky><rocnik>2</rocnik><financovani>1</financovani><oborKomb>IT</oborKomb><oborIdnos>6428</oborIdnos><email>adam.rysavy01@upol.cz</email><cisloKarty>70CD953A</cisloKarty><pohlavi>M</pohlavi><statutPredmetu>B</statutPredmetu><casPrihlaseni>23.1.2023 7:53</casPrihlaseni></studentPredmetu><studentPredmetu><osCislo>R21659</osCislo><jmeno>Jan</jmeno><prijmeni>SAMIEC</prijmeni><stav>S</stav><userName>samija01</userName><stprIdno>2476</stprIdno><nazevSp>Informační technologie</nazevSp><fakultaSp>PRF</fakultaSp><kodSp>B0613A140018</kodSp><formaSp>P</formaSp><typSp>B</typSp><typSpKey>7</typSpKey><mistoVyuky>O</mistoVyuky><rocnik>2</rocnik><financovani>1</financovani><oborKomb>IT</oborKomb><oborIdnos>6428</oborIdnos><email>jan.samiec01@upol.cz</email><cisloKarty>7215E40A</cisloKarty><pohlavi>M</pohlavi><statutPredmetu>B</statutPredmetu><casPrihlaseni>19.1.2023 11:00</casPrihlaseni></studentPredmetu><studentPredmetu><osCislo>R21430</osCislo><jmeno>Adam</jmeno><prijmeni>SOUKUP</prijmeni><stav>S</stav><userName>soukad01</userName><stprIdno>2648</stprIdno><nazevSp>Informatika</nazevSp><fakultaSp>PRF</fakultaSp><kodSp>B0613A140019</kodSp><formaSp>P</formaSp><typSp>B</typSp><typSpKey>7</typSpKey><mistoVyuky>O</mistoVyuky><rocnik>2</rocnik><financovani>1</financovani><oborKomb>INF-PVS</oborKomb><oborIdnos>6721</oborIdnos><email>adam.soukup01@upol.cz</email><cisloKarty>70C7241A</cisloKarty><pohlavi>M</pohlavi><statutPredmetu>B</statutPredmetu><casPrihlaseni>19.1.2023 11:00</casPrihlaseni></studentPredmetu><studentPredmetu><osCislo>R21432</osCislo><jmeno>Michal</jmeno><prijmeni>SVOBODA</prijmeni><stav>S</stav><userName>svobmi13</userName><stprIdno>2648</stprIdno><nazevSp>Informatika</nazevSp><fakultaSp>PRF</fakultaSp><kodSp>B0613A140019</kodSp><formaSp>P</formaSp><typSp>B</typSp><typSpKey>7</typSpKey><mistoVyuky>O</mistoVyuky><rocnik>2</rocnik><financovani>1</financovani><oborKomb>INF-PVS</oborKomb><oborIdnos>6721</oborIdnos><email>michal.svoboda04@upol.cz</email><cisloKarty>70D18BAA</cisloKarty><pohlavi>M</pohlavi><statutPredmetu>B</statutPredmetu><casPrihlaseni>19.1.2023 11:00</casPrihlaseni></studentPredmetu><studentPredmetu><osCislo>R21664</osCislo><jmeno>Michael</jmeno><prijmeni>ŠIROKÝ</prijmeni><stav>S</stav><userName>siromi01</userName><stprIdno>2476</stprIdno><nazevSp>Informační technologie</nazevSp><fakultaSp>PRF</fakultaSp><kodSp>B0613A140018</kodSp><formaSp>P</formaSp><typSp>B</typSp><typSpKey>7</typSpKey><mistoVyuky>O</mistoVyuky><rocnik>2</rocnik><financovani>1</financovani><oborKomb>IT</oborKomb><oborIdnos>6428</oborIdnos><email>michael.siroky01@upol.cz</email><cisloKarty>70D77B4A</cisloKarty><pohlavi>M</pohlavi><statutPredmetu>B</statutPredmetu><casPrihlaseni>6.2.2023 13:27</casPrihlaseni></studentPredmetu><studentPredmetu><osCislo>R21434</osCislo><jmeno>Martin</jmeno><prijmeni>ŠLACHTA</prijmeni><stav>S</stav><userName>slacma02</userName><stprIdno>2648</stprIdno><nazevSp>Informatika</nazevSp><fakultaSp>PRF</fakultaSp><kodSp>B0613A140019</kodSp><formaSp>P</formaSp><typSp>B</typSp><typSpKey>7</typSpKey><mistoVyuky>O</mistoVyuky><rocnik>2</rocnik><financovani>1</financovani><oborKomb>INF-OI</oborKomb><oborIdnos>6720</oborIdnos><email>martin.slachta01@upol.cz</email><cisloKarty>72148EFA</cisloKarty><pohlavi>M</pohlavi><statutPredmetu>B</statutPredmetu><casPrihlaseni>19.1.2023 11:11</casPrihlaseni></studentPredmetu><studentPredmetu><osCislo>R20643</osCislo><jmeno>Daniel</jmeno><prijmeni>ŠTEFÁK</prijmeni><stav>S</stav><userName>stefda03</userName><stprIdno>2476</stprIdno><nazevSp>Informační technologie</nazevSp><fakultaSp>PRF</fakultaSp><kodSp>B0613A140018</kodSp><formaSp>P</formaSp><typSp>B</typSp><typSpKey>7</typSpKey><mistoVyuky>O</mistoVyuky><rocnik>2</rocnik><financovani>1</financovani><oborKomb>IT</oborKomb><oborIdnos>6428</oborIdnos><email>daniel.stefak01@upol.cz</email><cisloKarty>AB2A34C9</cisloKarty><pohlavi>M</pohlavi><statutPredmetu>B</statutPredmetu><casPrihlaseni>19.1.2023 11:00</casPrihlaseni></studentPredmetu><studentPredmetu><osCislo>R21438</osCislo><jmeno>Radek</jmeno><prijmeni>VYMĚTALÍK</prijmeni><stav>S</stav><userName>vymera00</userName><stprIdno>2648</stprIdno><nazevSp>Informatika</nazevSp><fakultaSp>PRF</fakultaSp><kodSp>B0613A140019</kodSp><formaSp>P</formaSp><typSp>B</typSp><typSpKey>7</typSpKey><mistoVyuky>O</mistoVyuky><rocnik>2</rocnik><financovani>1</financovani><oborKomb>INF-PVS</oborKomb><oborIdnos>6721</oborIdnos><email>radek.vymetalik01@upol.cz</email><cisloKarty>720E16FA</cisloKarty><pohlavi>M</pohlavi><statutPredmetu>B</statutPredmetu><casPrihlaseni>19.1.2023 11:01</casPrihlaseni></studentPredmetu><studentPredmetu><osCislo>R21668</osCislo><jmeno>Lucie</jmeno><prijmeni>ZAPLETALOVÁ</prijmeni><stav>S</stav><userName>vacllu10</userName><stprIdno>2476</stprIdno><nazevSp>Informační technologie</nazevSp><fakultaSp>PRF</fakultaSp><kodSp>B0613A140018</kodSp><formaSp>P</formaSp><typSp>B</typSp><typSpKey>7</typSpKey><mistoVyuky>O</mistoVyuky><rocnik>2</rocnik><financovani>1</financovani><oborKomb>IT</oborKomb><oborIdnos>6428</oborIdnos><email>lucie.zapletalova01@upol.cz</email><cisloKarty>721539DA</cisloKarty><pohlavi>Ž</pohlavi><statutPredmetu>B</statutPredmetu><casPrihlaseni>19.1.2023 11:01</casPrihlaseni></studentPredmetu></studentiPredmetu>
