[
{"osCislo": "R21621","jmeno": "Vojtěch","prijmeni": "BARNET","stav": "S","userName": "barnvo00","stprIdno": "2476","nazevSp": "Informační technologie","fakultaSp": "PRF","kodSp": "B0613A140018","formaSp": "P","typSp": "B","typSpKey": "7","mistoVyuky": "O","rocnik": "2","financovani": "1","oborKomb": "IT","oborIdnos": "6428","email": "vojtech.barnet01@upol.cz","cisloKarty": "72188FFA","pohlavi": "M","statutPredmetu": "B","casPrihlaseni": "11.2.2023 7:03"}
,{"osCislo": "R21379","jmeno": "David","prijmeni": "CINKL","stav": "S","userName": "cinkda00","stprIdno": "2648","nazevSp": "Informatika","fakultaSp": "PRF","kodSp": "B0613A140019","formaSp": "P","typSp": "B","typSpKey": "7","mistoVyuky": "O","rocnik": "2","financovani": "1","oborKomb": "INF-PVS","oborIdnos": "6721","email": "david.cinkl01@upol.cz","cisloKarty": "2FED0814","pohlavi": "M","statutPredmetu": "B","casPrihlaseni": "19.1.2023 11:19"}
,{"osCislo": "R21625","jmeno": "Tobiáš","prijmeni": "CVRČEK","stav": "S","userName": "cvrcto00","stprIdno": "2476","nazevSp": "Informační technologie","fakultaSp": "PRF","kodSp": "B0613A140018","formaSp": "P","typSp": "B","typSpKey": "7","mistoVyuky": "O","rocnik": "2","financovani": "1","oborKomb": "IT","oborIdnos": "6428","email": "tobias.cvrcek01@upol.cz","cisloKarty": "721494CA","pohlavi": "M","statutPredmetu": "B","casPrihlaseni": "31.1.2023 18:11"}
,{"osCislo": "R21381","jmeno": "Tomáš","prijmeni": "DAVIES","stav": "S","userName": "davito01","stprIdno": "2648","nazevSp": "Informatika","fakultaSp": "PRF","kodSp": "B0613A140019","formaSp": "P","typSp": "B","typSpKey": "7","mistoVyuky": "O","rocnik": "2","financovani": "1","oborKomb": "INF-PVS","oborIdnos": "6721","email": "tomas.davies01@upol.cz","cisloKarty": "70CF841A","pohlavi": "M","statutPredmetu": "B","casPrihlaseni": "19.1.2023 11:00"}
,{"osCislo": "R21382","jmeno": "Matěj","prijmeni": "DLUHOŠ","stav": "S","userName": "dluhma00","stprIdno": "2648","nazevSp": "Informatika","fakultaSp": "PRF","kodSp": "B0613A140019","formaSp": "P","typSp": "B","typSpKey": "7","mistoVyuky": "O","rocnik": "2","financovani": "1","oborKomb": "INF-PVS","oborIdnos": "6721","email": "matej.dluhos01@upol.cz","cisloKarty": "70D2F30A","pohlavi": "M","statutPredmetu": "B","casPrihlaseni": "19.1.2023 11:01"}
,{"osCislo": "R21383","jmeno": "Ondřej","prijmeni": "DRESLER","stav": "S","userName": "dreson00","stprIdno": "2648","nazevSp": "Informatika","fakultaSp": "PRF","kodSp": "B0613A140019","formaSp": "P","typSp": "B","typSpKey": "7","mistoVyuky": "O","rocnik": "2","financovani": "1","oborKomb": "INF-PVS","oborIdnos": "6721","email": "ondrej.dresler01@upol.cz","cisloKarty": "70C6BF5A","pohlavi": "M","statutPredmetu": "B","casPrihlaseni": "19.1.2023 11:00"}
,{"osCislo": "R21628","jmeno": "Bohumil","prijmeni": "FEDERMANN","stav": "S","userName": "fedebo00","stprIdno": "2476","nazevSp": "Informační technologie","fakultaSp": "PRF","kodSp": "B0613A140018","formaSp": "P","typSp": "B","typSpKey": "7","mistoVyuky": "O","rocnik": "2","financovani": "1","oborKomb": "IT","oborIdnos": "6428","email": "bohumil.federmann01@upol.cz","cisloKarty": "70D8BABA","pohlavi": "M","statutPredmetu": "B","casPrihlaseni": "19.1.2023 11:00"}
,{"osCislo": "R21386","jmeno": "Petr","prijmeni": "GAJDOŠÍK","stav": "S","userName": "gajdpe05","stprIdno": "2648","nazevSp": "Informatika","fakultaSp": "PRF","kodSp": "B0613A140019","formaSp": "P","typSp": "B","typSpKey": "7","mistoVyuky": "O","rocnik": "2","financovani": "1","oborKomb": "INF-PVS","oborIdnos": "6721","email": "petr.gajdosik01@upol.cz","cisloKarty": "721AB21A","pohlavi": "M","statutPredmetu": "B","casPrihlaseni": "19.1.2023 11:01"}
,{"osCislo": "R21629","jmeno": "Jakub","prijmeni": "GALETA","stav": "S","userName": "galeja00","stprIdno": "2476","nazevSp": "Informační technologie","fakultaSp": "PRF","kodSp": "B0613A140018","formaSp": "P","typSp": "B","typSpKey": "7","mistoVyuky": "O","rocnik": "2","financovani": "1","oborKomb": "IT","oborIdnos": "6428","email": "jakub.galeta01@upol.cz","cisloKarty": "70CB44EA","pohlavi": "M","statutPredmetu": "B","casPrihlaseni": "19.1.2023 11:01"}
,{"osCislo": "R21631","jmeno": "Lukáš","prijmeni": "HAVRÁNEK","stav": "S","userName": "havrlu05","stprIdno": "2476","nazevSp": "Informační technologie","fakultaSp": "PRF","kodSp": "B0613A140018","formaSp": "P","typSp": "B","typSpKey": "7","mistoVyuky": "O","rocnik": "2","financovani": "1","oborKomb": "IT","oborIdnos": "6428","email": "lukas.havranek01@upol.cz","cisloKarty": "70CDCACA","pohlavi": "M","statutPredmetu": "B","casPrihlaseni": "19.1.2023 11:01"}
,{"osCislo": "R21632","jmeno": "Damián","prijmeni": "HEDIA","stav": "S","userName": "hedida00","stprIdno": "2476","nazevSp": "Informační technologie","fakultaSp": "PRF","kodSp": "B0613A140018","formaSp": "P","typSp": "B","typSpKey": "7","mistoVyuky": "O","rocnik": "2","financovani": "1","oborKomb": "IT","oborIdnos": "6428","email": "damian.hedia01@upol.cz","cisloKarty": "70CA9A7A","pohlavi": "M","statutPredmetu": "B","casPrihlaseni": "19.1.2023 11:00"}
,{"osCislo": "R21633","jmeno": "Ondřej","prijmeni": "HEJTMÁNEK","stav": "S","userName": "hejton00","stprIdno": "2476","nazevSp": "Informační technologie","fakultaSp": "PRF","kodSp": "B0613A140018","formaSp": "P","typSp": "B","typSpKey": "7","mistoVyuky": "O","rocnik": "2","financovani": "1","oborKomb": "IT","oborIdnos": "6428","email": "ondrej.hejtmanek01@upol.cz","cisloKarty": "72183A0A","pohlavi": "M","statutPredmetu": "B","casPrihlaseni": "19.1.2023 11:01"}
,{"osCislo": "R21634","jmeno": "Luboš","prijmeni": "HOLEČEK","stav": "S","userName": "holelu01","stprIdno": "2476","nazevSp": "Informační technologie","fakultaSp": "PRF","kodSp": "B0613A140018","formaSp": "P","typSp": "B","typSpKey": "7","mistoVyuky": "O","rocnik": "2","financovani": "1","oborKomb": "IT","oborIdnos": "6428","email": "lubos.holecek01@upol.cz","cisloKarty": "70D8DBCA","pohlavi": "M","statutPredmetu": "B","casPrihlaseni": "19.1.2023 11:00"}
,{"osCislo": "R21391","jmeno": "Tomáš","prijmeni": "HÖPFLER","stav": "S","userName": "hopfto00","stprIdno": "2648","nazevSp": "Informatika","fakultaSp": "PRF","kodSp": "B0613A140019","formaSp": "P","typSp": "B","typSpKey": "7","mistoVyuky": "O","rocnik": "2","financovani": "1","oborKomb": "INF-PVS","oborIdnos": "6721","email": "tomas.hopfler01@upol.cz","cisloKarty": "70D467DA","pohlavi": "M","statutPredmetu": "B","casPrihlaseni": "19.1.2023 11:01"}
,{"osCislo": "R210140","jmeno": "Natálie","prijmeni": "HRŮŠOVÁ","stav": "S","userName": "hrusna00","stprIdno": "2476","nazevSp": "Informační technologie","fakultaSp": "PRF","kodSp": "B0613A140018","formaSp": "P","typSp": "B","typSpKey": "7","mistoVyuky": "O","rocnik": "2","financovani": "1","oborKomb": "IT","oborIdnos": "6428","email": "natalie.hrusova01@upol.cz","cisloKarty": "2FECE784","pohlavi": "Ž","statutPredmetu": "B","casPrihlaseni": "19.1.2023 11:00"}
,{"osCislo": "R21635","jmeno": "Ján","prijmeni": "HYBEN","stav": "S","userName": "hybeja00","stprIdno": "2476","nazevSp": "Informační technologie","fakultaSp": "PRF","kodSp": "B0613A140018","formaSp": "P","typSp": "B","typSpKey": "7","mistoVyuky": "O","rocnik": "2","financovani": "1","oborKomb": "IT","oborIdnos": "6428","email": "jan.hyben01@upol.cz","cisloKarty": "AC128A59","pohlavi": "M","statutPredmetu": "B","casPrihlaseni": "19.1.2023 11:10"}
,{"osCislo": "R21637","jmeno": "Vít","prijmeni": "JANKO","stav": "S","userName": "jankvi00","stprIdno": "2476","nazevSp": "Informační technologie","fakultaSp": "PRF","kodSp": "B0613A140018","formaSp": "P","typSp": "B","typSpKey": "7","mistoVyuky": "O","rocnik": "2","financovani": "1","oborKomb": "IT","oborIdnos": "6428","email": "vit.janko01@upol.cz","cisloKarty": "70CAAECA","pohlavi": "M","statutPredmetu": "B","casPrihlaseni": "3.2.2023 12:11"}
,{"osCislo": "R21393","jmeno": "Václav","prijmeni": "JAROLÍM","stav": "S","userName": "jarova00","stprIdno": "2648","nazevSp": "Informatika","fakultaSp": "PRF","kodSp": "B0613A140019","formaSp": "P","typSp": "B","typSpKey": "7","mistoVyuky": "O","rocnik": "2","financovani": "1","oborKomb": "INF-PVS","oborIdnos": "6721","email": "vaclav.jarolim01@upol.cz","cisloKarty": "70CAA9EA","pohlavi": "M","statutPredmetu": "B","casPrihlaseni": "19.1.2023 11:00"}
,{"osCislo": "R21394","jmeno": "Vojtěch","prijmeni": "JIŘÍČEK","stav": "S","userName": "jirivo02","stprIdno": "2648","nazevSp": "Informatika","fakultaSp": "PRF","kodSp": "B0613A140019","formaSp": "P","typSp": "B","typSpKey": "7","mistoVyuky": "O","rocnik": "2","financovani": "1","oborKomb": "INF-PVS","oborIdnos": "6721","email": "vojtech.jiricek02@upol.cz","cisloKarty": "70CAACCA","pohlavi": "M","statutPredmetu": "B","casPrihlaseni": "19.1.2023 11:00"}
,{"osCislo": "R21640","jmeno": "František","prijmeni": "JUREK","stav": "S","userName": "jurefr00","stprIdno": "2476","nazevSp": "Informační technologie","fakultaSp": "PRF","kodSp": "B0613A140018","formaSp": "P","typSp": "B","typSpKey": "7","mistoVyuky": "O","rocnik": "2","financovani": "1","oborKomb": "IT","oborIdnos": "6428","email": "frantisek.jurek01@upol.cz","cisloKarty": "70D4ED2A","pohlavi": "M","statutPredmetu": "B","casPrihlaseni": "19.1.2023 11:00"}
,{"osCislo": "R21395","jmeno": "Tomáš","prijmeni": "KARNÝ","stav": "S","userName": "karnto01","stprIdno": "2648","nazevSp": "Informatika","fakultaSp": "PRF","kodSp": "B0613A140019","formaSp": "P","typSp": "B","typSpKey": "7","mistoVyuky": "O","rocnik": "2","financovani": "1","oborKomb": "INF-PVS","oborIdnos": "6721","email": "tomas.karny01@upol.cz","cisloKarty": "720E044A","pohlavi": "M","statutPredmetu": "B","casPrihlaseni": "19.1.2023 11:00"}
,{"osCislo": "R21396","jmeno": "Jakub","prijmeni": "KAŠPAR","stav": "S","userName": "kaspja09","stprIdno": "2648","nazevSp": "Informatika","fakultaSp": "PRF","kodSp": "B0613A140019","formaSp": "P","typSp": "B","typSpKey": "7","mistoVyuky": "O","rocnik": "2","financovani": "1","oborKomb": "INF-PVS","oborIdnos": "6721","email": "jakub.kaspar01@upol.cz","cisloKarty": "70D1275A","pohlavi": "M","statutPredmetu": "B","casPrihlaseni": "19.1.2023 11:00"}
,{"osCislo": "R21397","jmeno": "Jan","prijmeni": "KNÁPEK","stav": "S","userName": "knapja03","stprIdno": "2648","nazevSp": "Informatika","fakultaSp": "PRF","kodSp": "B0613A140019","formaSp": "P","typSp": "B","typSpKey": "7","mistoVyuky": "O","rocnik": "2","financovani": "1","oborKomb": "INF-PVS","oborIdnos": "6721","email": "jan.knapek01@upol.cz","cisloKarty": "70D9A36A","pohlavi": "M","statutPredmetu": "B","casPrihlaseni": "19.1.2023 11:00"}
,{"osCislo": "R21400","jmeno": "Petr","prijmeni": "KUBIŠTA","stav": "S","userName": "kubipe09","stprIdno": "2648","nazevSp": "Informatika","fakultaSp": "PRF","kodSp": "B0613A140019","formaSp": "P","typSp": "B","typSpKey": "7","mistoVyuky": "O","rocnik": "2","financovani": "1","oborKomb": "INF-PVS","oborIdnos": "6721","email": "petr.kubista02@upol.cz","cisloKarty": "70D0E65A","pohlavi": "M","statutPredmetu": "B","casPrihlaseni": "19.1.2023 11:00"}
,{"osCislo": "R21403","jmeno": "Miroslav","prijmeni": "LOS","stav": "S","userName": "losmi00","stprIdno": "2648","nazevSp": "Informatika","fakultaSp": "PRF","kodSp": "B0613A140019","formaSp": "P","typSp": "B","typSpKey": "7","mistoVyuky": "O","rocnik": "2","financovani": "1","oborKomb": "INF-PVS","oborIdnos": "6721","email": "miroslav.los01@upol.cz","cisloKarty": "72114A3A","pohlavi": "M","statutPredmetu": "B","casPrihlaseni": "19.1.2023 11:00"}
,{"osCislo": "R210161","jmeno": "Mark","prijmeni": "MARCHENKO","stav": "S","userName": "marcma04","stprIdno": "2648","nazevSp": "Informatika","fakultaSp": "PRF","kodSp": "B0613A140019","formaSp": "P","typSp": "B","typSpKey": "7","mistoVyuky": "O","rocnik": "2","financovani": "1","oborKomb": "INF-PVS","oborIdnos": "6721","email": "mark.marchenko01@upol.cz","cisloKarty": "2FEDF904","pohlavi": "M","statutPredmetu": "B","casPrihlaseni": "19.1.2023 11:00"}
,{"osCislo": "R21408","jmeno": "Jakub","prijmeni": "MAZEL","stav": "S","userName": "mazeja00","stprIdno": "2648","nazevSp": "Informatika","fakultaSp": "PRF","kodSp": "B0613A140019","formaSp": "P","typSp": "B","typSpKey": "7","mistoVyuky": "O","rocnik": "2","financovani": "1","oborKomb": "INF-OI","oborIdnos": "6720","email": "jakub.mazel01@upol.cz","cisloKarty": "712240EA","pohlavi": "M","statutPredmetu": "B","casPrihlaseni": "19.1.2023 11:07"}
,{"osCislo": "R21409","jmeno": "Jiří","prijmeni": "MLČOUŠEK","stav": "S","userName": "mlcoji00","stprIdno": "2648","nazevSp": "Informatika","fakultaSp": "PRF","kodSp": "B0613A140019","formaSp": "P","typSp": "B","typSpKey": "7","mistoVyuky": "O","rocnik": "2","financovani": "1","oborKomb": "INF-OI","oborIdnos": "6720","email": "jiri.mlcousek01@upol.cz","cisloKarty": "7215E93A","pohlavi": "M","statutPredmetu": "B","casPrihlaseni": "19.1.2023 11:05"}
,{"osCislo": "R21410","jmeno": "Lukáš","prijmeni": "MODRÝ","stav": "S","userName": "modrlu00","stprIdno": "2648","nazevSp": "Informatika","fakultaSp": "PRF","kodSp": "B0613A140019","formaSp": "P","typSp": "B","typSpKey": "7","mistoVyuky": "O","rocnik": "2","financovani": "1","oborKomb": "INF-PVS","oborIdnos": "6721","email": "lukas.modry01@upol.cz","cisloKarty": "2FEE3534","pohlavi": "M","statutPredmetu": "B","casPrihlaseni": "19.1.2023 11:38"}
,{"osCislo": "R21648","jmeno": "Marek","prijmeni": "NASTOUPIL","stav": "S","userName": "nastma02","stprIdno": "2476","nazevSp": "Informační technologie","fakultaSp": "PRF","kodSp": "B0613A140018","formaSp": "P","typSp": "B","typSpKey": "7","mistoVyuky": "O","rocnik": "2","financovani": "1","oborKomb": "IT","oborIdnos": "6428","email": "marek.nastoupil01@upol.cz","cisloKarty": "70D9D5AA","pohlavi": "M","statutPredmetu": "B","casPrihlaseni": "19.1.2023 11:00"}
,{"osCislo": "R21412","jmeno": "Vojtěch","prijmeni": "NETRH","stav": "S","userName": "netrvo00","stprIdno": "2648","nazevSp": "Informatika","fakultaSp": "PRF","kodSp": "B0613A140019","formaSp": "P","typSp": "B","typSpKey": "7","mistoVyuky": "O","rocnik": "2","financovani": "1","oborKomb": "INF-PVS","oborIdnos": "6721","email": "vojtech.netrh01@upol.cz","cisloKarty": "70CB570A","pohlavi": "M","statutPredmetu": "B","casPrihlaseni": "19.1.2023 11:00"}
,{"osCislo": "R21650","jmeno": "Barbora","prijmeni": "OHNOUTKOVÁ","stav": "S","userName": "ohnoba00","stprIdno": "2476","nazevSp": "Informační technologie","fakultaSp": "PRF","kodSp": "B0613A140018","formaSp": "P","typSp": "B","typSpKey": "7","mistoVyuky": "O","rocnik": "2","financovani": "1","oborKomb": "IT","oborIdnos": "6428","email": "barbora.ohnoutkova01@upol.cz","cisloKarty": "AC2390B9","pohlavi": "Ž","statutPredmetu": "B","casPrihlaseni": "19.1.2023 11:00"}
,{"osCislo": "R21652","jmeno": "Thanh Tú","prijmeni": "PHAN","stav": "S","userName": "phanth01","stprIdno": "2476","nazevSp": "Informační technologie","fakultaSp": "PRF","kodSp": "B0613A140018","formaSp": "P","typSp": "B","typSpKey": "7","mistoVyuky": "O","rocnik": "2","financovani": "1","oborKomb": "IT","oborIdnos": "6428","email": "thanhtu.phan01@upol.cz","cisloKarty": "70CF0F1A","pohlavi": "M","statutPredmetu": "B","casPrihlaseni": "19.1.2023 11:01"}
,{"osCislo": "R21656","jmeno": "Petr","prijmeni": "POST","stav": "S","userName": "postpe01","stprIdno": "2476","nazevSp": "Informační technologie","fakultaSp": "PRF","kodSp": "B0613A140018","formaSp": "P","typSp": "B","typSpKey": "7","mistoVyuky": "O","rocnik": "2","financovani": "1","oborKomb": "IT","oborIdnos": "6428","email": "petr.post01@upol.cz","cisloKarty": "70CC8F3A","pohlavi": "M","statutPredmetu": "B","casPrihlaseni": "19.1.2023 11:00"}
,{"osCislo": "R21418","jmeno": "Tomáš","prijmeni": "PUDL","stav": "S","userName": "pudlto00","stprIdno": "2648","nazevSp": "Informatika","fakultaSp": "PRF","kodSp": "B0613A140019","formaSp": "P","typSp": "B","typSpKey": "7","mistoVyuky": "O","rocnik": "2","financovani": "1","oborKomb": "INF-PVS","oborIdnos": "6721","email": "tomas.pudl01@upol.cz","cisloKarty": "70CAA28A","pohlavi": "M","statutPredmetu": "B","casPrihlaseni": "19.1.2023 12:04"}
,{"osCislo": "R21420","jmeno": "Jan","prijmeni": "RÁDL","stav": "S","userName": "radlja00","stprIdno": "2648","nazevSp": "Informatika","fakultaSp": "PRF","kodSp": "B0613A140019","formaSp": "P","typSp": "B","typSpKey": "7","mistoVyuky": "O","rocnik": "2","financovani": "1","oborKomb": "INF-PVS","oborIdnos": "6721","email": "jan.radl01@upol.cz","cisloKarty": "720F57AA","pohlavi": "M","statutPredmetu": "B","casPrihlaseni": "19.1.2023 11:00"}
,{"osCislo": "R21423","jmeno": "Lukáš","prijmeni": "RYBENSKÝ","stav": "S","userName": "rybelu01","stprIdno": "2648","nazevSp": "Informatika","fakultaSp": "PRF","kodSp": "B0613A140019","formaSp": "P","typSp": "B","typSpKey": "7","mistoVyuky": "O","rocnik": "2","financovani": "1","oborKomb": "INF-PVS","oborIdnos": "6721","email": "lukas.rybensky01@upol.cz","cisloKarty": "AB3A44A9","pohlavi": "M","statutPredmetu": "B","casPrihlaseni": "19.1.2023 11:00"}
,{"osCislo": "R21658","jmeno": "Adam","prijmeni": "RYŠAVÝ","stav": "S","userName": "rysaad00","stprIdno": "2476","nazevSp": "Informační technologie","fakultaSp": "PRF","kodSp": "B0613A140018","formaSp": "P","typSp": "B","typSpKey": "7","mistoVyuky": "O","rocnik": "2","financovani": "1","oborKomb": "IT","oborIdnos": "6428","email": "adam.rysavy01@upol.cz","cisloKarty": "70CD953A","pohlavi": "M","statutPredmetu": "B","casPrihlaseni": "23.1.2023 7:53"}
,{"osCislo": "R21659","jmeno": "Jan","prijmeni": "SAMIEC","stav": "S","userName": "samija01","stprIdno": "2476","nazevSp": "Informační technologie","fakultaSp": "PRF","kodSp": "B0613A140018","formaSp": "P","typSp": "B","typSpKey": "7","mistoVyuky": "O","rocnik": "2","financovani": "1","oborKomb": "IT","oborIdnos": "6428","email": "jan.samiec01@upol.cz","cisloKarty": "7215E40A","pohlavi": "M","statutPredmetu": "B","casPrihlaseni": "19.1.2023 11:00"}
,{"osCislo": "R21430","jmeno": "Adam","prijmeni": "SOUKUP","stav": "S","userName": "soukad01","stprIdno": "2648","nazevSp": "Informatika","fakultaSp": "PRF","kodSp": "B0613A140019","formaSp": "P","typSp": "B","typSpKey": "7","mistoVyuky": "O","rocnik": "2","financovani": "1","oborKomb": "INF-PVS","oborIdnos": "6721","email": "adam.soukup01@upol.cz","cisloKarty": "70C7241A","pohlavi": "M","statutPredmetu": "B","casPrihlaseni": "19.1.2023 11:00"}
,{"osCislo": "R21432","jmeno": "Michal","prijmeni": "SVOBODA","stav": "S","userName": "svobmi13","stprIdno": "2648","nazevSp": "Informatika","fakultaSp": "PRF","kodSp": "B0613A140019","formaSp": "P","typSp": "B","typSpKey": "7","mistoVyuky": "O","rocnik": "2","financovani": "1","oborKomb": "INF-PVS","oborIdnos": "6721","email": "michal.svoboda04@upol.cz","cisloKarty": "70D18BAA","pohlavi": "M","statutPredmetu": "B","casPrihlaseni": "19.1.2023 11:00"}
,{"osCislo": "R21664","jmeno": "Michael","prijmeni": "ŠIROKÝ","stav": "S","userName": "siromi01","stprIdno": "2476","nazevSp": "Informační technologie","fakultaSp": "PRF","kodSp": "B0613A140018","formaSp": "P","typSp": "B","typSpKey": "7","mistoVyuky": "O","rocnik": "2","financovani": "1","oborKomb": "IT","oborIdnos": "6428","email": "michael.siroky01@upol.cz","cisloKarty": "70D77B4A","pohlavi": "M","statutPredmetu": "B","casPrihlaseni": "6.2.2023 13:27"}
,{"osCislo": "R21434","jmeno": "Martin","prijmeni": "ŠLACHTA","stav": "S","userName": "slacma02","stprIdno": "2648","nazevSp": "Informatika","fakultaSp": "PRF","kodSp": "B0613A140019","formaSp": "P","typSp": "B","typSpKey": "7","mistoVyuky": "O","rocnik": "2","financovani": "1","oborKomb": "INF-OI","oborIdnos": "6720","email": "martin.slachta01@upol.cz","cisloKarty": "72148EFA","pohlavi": "M","statutPredmetu": "B","casPrihlaseni": "19.1.2023 11:11"}
,{"osCislo": "R20643","jmeno": "Daniel","prijmeni": "ŠTEFÁK","stav": "S","userName": "stefda03","stprIdno": "2476","nazevSp": "Informační technologie","fakultaSp": "PRF","kodSp": "B0613A140018","formaSp": "P","typSp": "B","typSpKey": "7","mistoVyuky": "O","rocnik": "2","financovani": "1","oborKomb": "IT","oborIdnos": "6428","email": "daniel.stefak01@upol.cz","cisloKarty": "AB2A34C9","pohlavi": "M","statutPredmetu": "B","casPrihlaseni": "19.1.2023 11:00"}
,{"osCislo": "R21438","jmeno": "Radek","prijmeni": "VYMĚTALÍK","stav": "S","userName": "vymera00","stprIdno": "2648","nazevSp": "Informatika","fakultaSp": "PRF","kodSp": "B0613A140019","formaSp": "P","typSp": "B","typSpKey": "7","mistoVyuky": "O","rocnik": "2","financovani": "1","oborKomb": "INF-PVS","oborIdnos": "6721","email": "radek.vymetalik01@upol.cz","cisloKarty": "720E16FA","pohlavi": "M","statutPredmetu": "B","casPrihlaseni": "19.1.2023 11:01"}
,{"osCislo": "R21668","jmeno": "Lucie","prijmeni": "ZAPLETALOVÁ","stav": "S","userName": "vacllu10","stprIdno": "2476","nazevSp": "Informační technologie","fakultaSp": "PRF","kodSp": "B0613A140018","formaSp": "P","typSp": "B","typSpKey": "7","mistoVyuky": "O","rocnik": "2","financovani": "1","oborKomb": "IT","oborIdnos": "6428","email": "lucie.zapletalova01@upol.cz","cisloKarty": "721539DA","pohlavi": "Ž","statutPredmetu": "B","casPrihlaseni": "19.1.2023 11:01"}
]
